from_stop_I,to_stop_I,label,d,n_vehicles
1,27,"[0, 0, 0, 1, 0]",388.0,17.0
2,23,"[0, 0, 0, 1, 0]",486.0,1.0
2,50,"[0, 0, 0, 1, 0]",470.0,18.0
2,191,"[0, 0, 0, 1, 0]",453.0,9.0
3,191,"[0, 0, 0, 1, 0]",369.0,135.0
4,50,"[0, 0, 0, 1, 0]",505.0,32.0
4,66,"[0, 0, 0, 1, 0]",379.0,34.0
4,189,"[0, 0, 0, 1, 0]",465.0,2.0
5,23,"[0, 0, 0, 1, 0]",442.0,9.0
5,50,"[0, 0, 0, 1, 0]",428.0,155.0
6,23,"[0, 0, 0, 1, 0]",405.0,4.0
6,50,"[0, 0, 0, 1, 0]",354.0,141.0
6,189,"[0, 0, 0, 1, 0]",279.0,4.0
7,8,"[0, 0, 0, 1, 0]",193.0,9.0
7,74,"[0, 0, 0, 1, 0]",232.0,337.0
8,9,"[0, 0, 0, 1, 0]",367.0,9.0
9,10,"[0, 0, 0, 1, 0]",246.0,18.0
10,11,"[0, 0, 0, 1, 0]",268.0,18.0
11,12,"[0, 0, 0, 1, 0]",226.0,18.0
12,13,"[0, 0, 0, 1, 0]",170.0,18.0
13,14,"[0, 0, 0, 1, 0]",261.0,18.0
14,17,"[0, 0, 0, 1, 0]",275.0,18.0
15,195,"[0, 0, 0, 1, 0]",437.0,78.0
15,197,"[0, 0, 0, 1, 0]",412.0,67.0
16,194,"[0, 0, 0, 1, 0]",662.0,138.0
17,20,"[0, 0, 0, 1, 0]",187.0,27.0
18,17,"[0, 0, 0, 1, 0]",73.0,9.0
19,15,"[0, 0, 0, 1, 0]",348.0,10.0
19,16,"[0, 0, 0, 1, 0]",291.0,2.0
19,449,"[0, 0, 0, 1, 0]",379.0,1.0
20,22,"[0, 0, 0, 1, 0]",304.0,18.0
21,19,"[0, 0, 0, 1, 0]",335.0,13.0
21,76,"[0, 0, 0, 1, 0]",1482.0,1.0
22,24,"[0, 0, 0, 1, 0]",359.0,22.0
22,409,"[0, 0, 0, 1, 0]",1285.0,1.0
23,21,"[0, 0, 0, 1, 0]",218.0,14.0
23,22,"[0, 0, 0, 1, 0]",266.0,4.0
24,1,"[0, 0, 0, 1, 0]",345.0,9.0
24,25,"[0, 0, 0, 1, 0]",397.0,9.0
24,189,"[0, 0, 0, 1, 0]",504.0,4.0
25,27,"[0, 0, 0, 1, 0]",318.0,83.0
25,66,"[0, 0, 0, 1, 0]",257.0,49.0
26,66,"[0, 0, 0, 1, 0]",239.0,96.0
27,29,"[0, 0, 0, 1, 0]",200.0,56.0
27,161,"[0, 0, 0, 1, 0]",405.0,44.0
28,2,"[0, 0, 0, 1, 0]",379.0,9.0
28,3,"[0, 0, 0, 1, 0]",385.0,31.0
28,5,"[0, 0, 0, 1, 0]",420.0,9.0
28,6,"[0, 0, 0, 1, 0]",493.0,35.0
28,25,"[0, 0, 0, 1, 0]",342.0,9.0
29,31,"[0, 0, 0, 1, 0]",194.0,56.0
30,28,"[0, 0, 0, 1, 0]",163.0,50.0
31,34,"[0, 0, 0, 1, 0]",354.0,48.0
31,416,"[0, 0, 0, 1, 0]",493.0,8.0
32,147,"[0, 0, 0, 1, 0]",266.0,88.0
33,48,"[0, 0, 0, 1, 0]",339.0,50.0
33,416,"[0, 0, 0, 1, 0]",646.0,49.0
34,32,"[0, 0, 0, 1, 0]",84.0,88.0
34,46,"[0, 0, 0, 1, 0]",310.0,9.0
35,149,"[0, 0, 0, 1, 0]",271.0,88.0
36,148,"[0, 0, 0, 1, 0]",405.0,90.0
37,39,"[0, 0, 0, 1, 0]",225.0,35.0
38,144,"[0, 0, 0, 1, 0]",242.0,34.0
39,41,"[0, 0, 0, 1, 0]",206.0,35.0
40,38,"[0, 0, 0, 1, 0]",259.0,34.0
41,43,"[0, 0, 0, 1, 0]",285.0,35.0
42,40,"[0, 0, 0, 1, 0]",206.0,34.0
43,45,"[0, 0, 0, 1, 0]",307.0,35.0
44,42,"[0, 0, 0, 1, 0]",256.0,34.0
45,44,"[0, 0, 0, 1, 0]",330.0,34.0
46,454,"[0, 0, 0, 1, 0]",250.0,9.0
47,33,"[0, 0, 0, 1, 0]",303.0,9.0
48,30,"[0, 0, 0, 1, 0]",248.0,50.0
49,51,"[0, 0, 0, 1, 0]",190.0,347.0
50,7,"[0, 0, 0, 1, 0]",287.0,346.0
51,1,"[0, 0, 0, 1, 0]",434.0,97.0
51,3,"[0, 0, 0, 1, 0]",467.0,32.0
51,25,"[0, 0, 0, 1, 0]",503.0,84.0
51,26,"[0, 0, 0, 1, 0]",567.0,80.0
51,399,"[0, 0, 0, 1, 0]",584.0,54.0
52,98,"[0, 0, 0, 1, 0]",801.0,62.0
53,73,"[0, 0, 0, 1, 0]",215.0,160.0
53,452,"[0, 0, 0, 1, 0]",372.0,4.0
54,71,"[0, 0, 0, 1, 0]",783.0,46.0
54,415,"[0, 0, 0, 1, 0]",103.0,49.0
55,57,"[0, 0, 0, 1, 0]",276.0,11.0
56,53,"[0, 0, 0, 1, 0]",878.0,8.0
56,54,"[0, 0, 0, 1, 0]",816.0,3.0
57,59,"[0, 0, 0, 1, 0]",959.0,11.0
58,56,"[0, 0, 0, 1, 0]",225.0,11.0
59,244,"[0, 0, 0, 1, 0]",444.0,3.0
59,1334,"[0, 0, 0, 1, 0]",262.0,8.0
60,58,"[0, 0, 0, 1, 0]",1049.0,11.0
61,244,"[0, 0, 0, 1, 0]",423.0,46.0
62,64,"[0, 0, 0, 1, 0]",219.0,46.0
63,61,"[0, 0, 0, 1, 0]",238.0,46.0
64,68,"[0, 0, 0, 1, 0]",683.0,46.0
65,52,"[0, 0, 0, 1, 0]",338.0,62.0
66,54,"[0, 0, 0, 1, 0]",336.0,95.0
66,452,"[0, 0, 0, 1, 0]",414.0,83.0
66,453,"[0, 0, 0, 1, 0]",395.0,1.0
67,63,"[0, 0, 0, 1, 0]",657.0,46.0
68,70,"[0, 0, 0, 1, 0]",2.0,46.0
69,67,"[0, 0, 0, 1, 0]",0.0,46.0
70,72,"[0, 0, 0, 1, 0]",403.0,46.0
71,69,"[0, 0, 0, 1, 0]",476.0,46.0
72,53,"[0, 0, 0, 1, 0]",890.0,46.0
73,2,"[0, 0, 0, 1, 0]",299.0,18.0
73,3,"[0, 0, 0, 1, 0]",382.0,49.0
73,5,"[0, 0, 0, 1, 0]",325.0,113.0
73,6,"[0, 0, 0, 1, 0]",343.0,68.0
74,76,"[0, 0, 0, 1, 0]",486.0,88.0
74,79,"[0, 0, 0, 1, 0]",607.0,9.0
74,345,"[0, 0, 0, 1, 0]",666.0,240.0
75,49,"[0, 0, 0, 1, 0]",411.0,347.0
75,1354,"[0, 0, 0, 1, 0]",682.0,1.0
76,78,"[0, 0, 0, 1, 0]",200.0,63.0
76,96,"[0, 0, 0, 1, 0]",412.0,39.0
77,79,"[0, 0, 0, 1, 0]",135.0,2.0
77,344,"[0, 0, 0, 1, 0]",132.0,92.0
77,345,"[0, 0, 0, 1, 0]",265.0,9.0
78,82,"[0, 0, 0, 1, 0]",352.0,46.0
78,344,"[0, 0, 0, 1, 0]",237.0,9.0
78,345,"[0, 0, 0, 1, 0]",251.0,17.0
79,77,"[0, 0, 0, 1, 0]",135.0,60.0
79,96,"[0, 0, 0, 1, 0]",397.0,9.0
79,344,"[0, 0, 0, 1, 0]",205.0,2.0
79,409,"[0, 0, 0, 1, 0]",1656.0,1.0
80,237,"[0, 0, 0, 1, 0]",481.0,2.0
80,238,"[0, 0, 0, 1, 0]",438.0,68.0
81,381,"[0, 0, 0, 1, 0]",503.0,69.0
82,84,"[0, 0, 0, 1, 0]",390.0,46.0
83,79,"[0, 0, 0, 1, 0]",387.0,44.0
84,86,"[0, 0, 0, 1, 0]",400.0,46.0
85,83,"[0, 0, 0, 1, 0]",346.0,44.0
86,211,"[0, 0, 0, 1, 0]",592.0,46.0
87,85,"[0, 0, 0, 1, 0]",398.0,44.0
88,410,"[0, 0, 0, 1, 0]",280.0,30.0
89,91,"[0, 0, 0, 1, 0]",265.0,30.0
90,88,"[0, 0, 0, 1, 0]",268.0,30.0
91,402,"[0, 0, 0, 1, 0]",408.0,30.0
92,90,"[0, 0, 0, 1, 0]",292.0,30.0
93,92,"[0, 0, 0, 1, 0]",268.0,30.0
94,97,"[0, 0, 0, 1, 0]",266.0,32.0
94,240,"[0, 0, 0, 1, 0]",221.0,30.0
95,93,"[0, 0, 0, 1, 0]",494.0,30.0
96,240,"[0, 0, 0, 1, 0]",461.0,41.0
96,409,"[0, 0, 0, 1, 0]",1285.0,7.0
97,77,"[0, 0, 0, 1, 0]",268.0,43.0
97,78,"[0, 0, 0, 1, 0]",347.0,10.0
98,1131,"[0, 0, 0, 1, 0]",3324.0,62.0
99,53,"[0, 0, 0, 1, 0]",855.0,57.0
99,97,"[0, 0, 0, 1, 0]",1665.0,2.0
99,409,"[0, 0, 0, 1, 0]",762.0,5.0
100,102,"[0, 0, 0, 1, 0]",229.0,88.0
101,153,"[0, 0, 0, 1, 0]",339.0,90.0
102,104,"[0, 0, 0, 1, 0]",323.0,88.0
103,101,"[0, 0, 0, 1, 0]",225.0,90.0
104,106,"[0, 0, 0, 1, 0]",318.0,88.0
105,103,"[0, 0, 0, 1, 0]",389.0,90.0
106,109,"[0, 0, 0, 1, 0]",244.0,39.0
106,154,"[0, 0, 0, 1, 0]",425.0,49.0
107,105,"[0, 0, 0, 1, 0]",441.0,90.0
108,117,"[0, 0, 0, 1, 0]",278.0,31.0
109,111,"[0, 0, 0, 1, 0]",341.0,39.0
110,107,"[0, 0, 0, 1, 0]",127.0,41.0
111,113,"[0, 0, 0, 1, 0]",247.0,39.0
112,110,"[0, 0, 0, 1, 0]",333.0,41.0
113,112,"[0, 0, 0, 1, 0]",280.0,41.0
114,108,"[0, 0, 0, 1, 0]",452.0,30.0
114,116,"[0, 0, 0, 1, 0]",353.0,236.0
115,76,"[0, 0, 0, 1, 0]",611.0,14.0
115,79,"[0, 0, 0, 1, 0]",639.0,12.0
115,344,"[0, 0, 0, 1, 0]",558.0,245.0
116,118,"[0, 0, 0, 1, 0]",178.0,236.0
117,115,"[0, 0, 0, 1, 0]",283.0,271.0
118,120,"[0, 0, 0, 1, 0]",532.0,34.0
118,139,"[0, 0, 0, 1, 0]",360.0,154.0
118,141,"[0, 0, 0, 1, 0]",852.0,48.0
119,117,"[0, 0, 0, 1, 0]",413.0,240.0
120,122,"[0, 0, 0, 1, 0]",205.0,73.0
121,139,"[0, 0, 0, 1, 0]",200.0,40.0
121,140,"[0, 0, 0, 1, 0]",255.0,35.0
122,123,"[0, 0, 0, 1, 0]",583.0,39.0
122,417,"[0, 0, 0, 1, 0]",1614.0,34.0
123,125,"[0, 0, 0, 1, 0]",290.0,39.0
124,121,"[0, 0, 0, 1, 0]",743.0,40.0
125,127,"[0, 0, 0, 1, 0]",279.0,39.0
126,124,"[0, 0, 0, 1, 0]",360.0,40.0
127,129,"[0, 0, 0, 1, 0]",339.0,39.0
128,126,"[0, 0, 0, 1, 0]",273.0,40.0
129,130,"[0, 0, 0, 1, 0]",466.0,176.0
130,131,"[0, 0, 0, 1, 0]",335.0,176.0
131,132,"[0, 0, 0, 1, 0]",266.0,176.0
132,133,"[0, 0, 0, 1, 0]",346.0,176.0
133,134,"[0, 0, 0, 1, 0]",326.0,176.0
134,135,"[0, 0, 0, 1, 0]",249.0,176.0
135,136,"[0, 0, 0, 1, 0]",452.0,176.0
136,137,"[0, 0, 0, 1, 0]",333.0,128.0
137,138,"[0, 0, 0, 1, 0]",214.0,128.0
138,128,"[0, 0, 0, 1, 0]",30.0,40.0
138,142,"[0, 0, 0, 1, 0]",206.0,49.0
139,199,"[0, 0, 0, 1, 0]",1343.0,47.0
139,200,"[0, 0, 0, 1, 0]",597.0,126.0
139,1187,"[0, 0, 0, 1, 0]",2660.0,21.0
140,119,"[0, 0, 0, 1, 0]",215.0,191.0
141,129,"[0, 0, 0, 1, 0]",303.0,48.0
142,119,"[0, 0, 0, 1, 0]",797.0,49.0
143,37,"[0, 0, 0, 1, 0]",205.0,35.0
144,451,"[0, 0, 0, 1, 0]",393.0,34.0
145,450,"[0, 0, 0, 1, 0]",441.0,35.0
146,164,"[0, 0, 0, 1, 0]",156.0,34.0
147,35,"[0, 0, 0, 1, 0]",380.0,88.0
148,33,"[0, 0, 0, 1, 0]",259.0,90.0
149,151,"[0, 0, 0, 1, 0]",176.0,88.0
150,36,"[0, 0, 0, 1, 0]",229.0,90.0
151,150,"[0, 0, 0, 1, 0]",246.0,90.0
151,152,"[0, 0, 0, 1, 0]",351.0,88.0
152,100,"[0, 0, 0, 1, 0]",373.0,88.0
153,151,"[0, 0, 0, 1, 0]",358.0,90.0
154,156,"[0, 0, 0, 1, 0]",323.0,49.0
155,107,"[0, 0, 0, 1, 0]",209.0,49.0
156,158,"[0, 0, 0, 1, 0]",251.0,49.0
157,155,"[0, 0, 0, 1, 0]",320.0,49.0
158,157,"[0, 0, 0, 1, 0]",314.0,49.0
159,402,"[0, 0, 0, 1, 0]",397.0,64.0
160,159,"[0, 0, 0, 1, 0]",272.0,64.0
161,145,"[0, 0, 0, 1, 0]",255.0,35.0
161,407,"[0, 0, 0, 1, 0]",112.0,9.0
162,187,"[0, 0, 0, 1, 0]",573.0,54.0
163,377,"[0, 0, 0, 1, 0]",352.0,55.0
164,28,"[0, 0, 0, 1, 0]",379.0,43.0
165,167,"[0, 0, 0, 1, 0]",299.0,9.0
166,408,"[0, 0, 0, 1, 0]",364.0,9.0
167,169,"[0, 0, 0, 1, 0]",153.0,9.0
168,166,"[0, 0, 0, 1, 0]",291.0,9.0
169,172,"[0, 0, 0, 1, 0]",875.0,9.0
170,168,"[0, 0, 0, 1, 0]",139.0,9.0
171,170,"[0, 0, 0, 1, 0]",581.0,9.0
173,171,"[0, 0, 0, 1, 0]",493.0,9.0
174,176,"[0, 0, 0, 1, 0]",567.0,84.0
174,1187,"[0, 0, 0, 1, 0]",4809.0,2.0
175,190,"[0, 0, 0, 1, 0]",406.0,2.0
175,453,"[0, 0, 0, 1, 0]",426.0,88.0
176,413,"[0, 0, 0, 1, 0]",334.0,84.0
177,175,"[0, 0, 0, 1, 0]",607.0,85.0
179,413,"[0, 0, 0, 1, 0]",297.0,9.0
180,163,"[0, 0, 0, 1, 0]",718.0,50.0
181,180,"[0, 0, 0, 1, 0]",136.0,84.0
182,181,"[0, 0, 0, 1, 0]",520.0,84.0
183,182,"[0, 0, 0, 1, 0]",461.0,84.0
184,183,"[0, 0, 0, 1, 0]",379.0,84.0
185,215,"[0, 0, 0, 1, 0]",380.0,46.0
186,214,"[0, 0, 0, 1, 0]",619.0,44.0
187,184,"[0, 0, 0, 1, 0]",763.0,50.0
187,215,"[0, 0, 0, 1, 0]",454.0,4.0
188,163,"[0, 0, 0, 1, 0]",624.0,5.0
189,174,"[0, 0, 0, 1, 0]",609.0,6.0
189,453,"[0, 0, 0, 1, 0]",146.0,4.0
190,3,"[0, 0, 0, 1, 0]",494.0,2.0
190,23,"[0, 0, 0, 1, 0]",702.0,4.0
191,193,"[0, 0, 0, 1, 0]",240.0,144.0
192,4,"[0, 0, 0, 1, 0]",240.0,88.0
192,6,"[0, 0, 0, 1, 0]",394.0,2.0
192,25,"[0, 0, 0, 1, 0]",365.0,31.0
192,26,"[0, 0, 0, 1, 0]",375.0,17.0
192,399,"[0, 0, 0, 1, 0]",462.0,10.0
193,15,"[0, 0, 0, 1, 0]",635.0,135.0
193,449,"[0, 0, 0, 1, 0]",664.0,9.0
194,192,"[0, 0, 0, 1, 0]",201.0,148.0
195,198,"[0, 0, 0, 1, 0]",275.0,85.0
196,16,"[0, 0, 0, 1, 0]",508.0,136.0
196,18,"[0, 0, 0, 1, 0]",465.0,9.0
197,435,"[0, 0, 0, 1, 0]",725.0,74.0
198,120,"[0, 0, 0, 1, 0]",1538.0,39.0
198,140,"[0, 0, 0, 1, 0]",1491.0,7.0
198,200,"[0, 0, 0, 1, 0]",871.0,17.0
198,1187,"[0, 0, 0, 1, 0]",3003.0,22.0
199,196,"[0, 0, 0, 1, 0]",465.0,78.0
199,197,"[0, 0, 0, 1, 0]",433.0,7.0
200,202,"[0, 0, 0, 1, 0]",411.0,92.0
200,204,"[0, 0, 0, 1, 0]",371.0,51.0
201,140,"[0, 0, 0, 1, 0]",700.0,125.0
201,199,"[0, 0, 0, 1, 0]",706.0,17.0
202,272,"[0, 0, 0, 1, 0]",331.0,92.0
203,201,"[0, 0, 0, 1, 0]",356.0,142.0
204,205,"[0, 0, 0, 1, 0]",139.0,51.0
205,207,"[0, 0, 0, 1, 0]",288.0,51.0
206,203,"[0, 0, 0, 1, 0]",234.0,52.0
207,209,"[0, 0, 0, 1, 0]",433.0,51.0
208,206,"[0, 0, 0, 1, 0]",356.0,52.0
209,288,"[0, 0, 0, 1, 0]",419.0,51.0
210,208,"[0, 0, 0, 1, 0]",418.0,52.0
211,213,"[0, 0, 0, 1, 0]",422.0,46.0
212,87,"[0, 0, 0, 1, 0]",658.0,44.0
213,185,"[0, 0, 0, 1, 0]",651.0,46.0
214,212,"[0, 0, 0, 1, 0]",438.0,44.0
215,400,"[0, 0, 0, 1, 0]",255.0,50.0
216,186,"[0, 0, 0, 1, 0]",309.0,44.0
216,188,"[0, 0, 0, 1, 0]",410.0,5.0
217,219,"[0, 0, 0, 1, 0]",431.0,50.0
218,401,"[0, 0, 0, 1, 0]",532.0,49.0
219,221,"[0, 0, 0, 1, 0]",263.0,50.0
220,218,"[0, 0, 0, 1, 0]",348.0,49.0
221,223,"[0, 0, 0, 1, 0]",447.0,50.0
222,220,"[0, 0, 0, 1, 0]",316.0,49.0
223,225,"[0, 0, 0, 1, 0]",459.0,50.0
224,222,"[0, 0, 0, 1, 0]",379.0,49.0
225,227,"[0, 0, 0, 1, 0]",777.0,50.0
226,224,"[0, 0, 0, 1, 0]",563.0,49.0
227,230,"[0, 0, 0, 1, 0]",329.0,96.0
228,226,"[0, 0, 0, 1, 0]",740.0,49.0
229,228,"[0, 0, 0, 1, 0]",333.0,95.0
230,231,"[0, 0, 0, 1, 0]",317.0,96.0
231,233,"[0, 0, 0, 1, 0]",227.0,96.0
232,229,"[0, 0, 0, 1, 0]",398.0,95.0
233,257,"[0, 0, 0, 1, 0]",622.0,46.0
234,232,"[0, 0, 0, 1, 0]",186.0,95.0
235,237,"[0, 0, 0, 1, 0]",412.0,35.0
235,239,"[0, 0, 0, 1, 0]",426.0,64.0
236,354,"[0, 0, 0, 1, 0]",502.0,99.0
236,1130,"[0, 0, 0, 1, 0]",3392.0,1.0
237,395,"[0, 0, 0, 1, 0]",258.0,42.0
238,236,"[0, 0, 0, 1, 0]",439.0,100.0
238,395,"[0, 0, 0, 1, 0]",353.0,3.0
239,81,"[0, 0, 0, 1, 0]",481.0,69.0
240,242,"[0, 0, 0, 1, 0]",293.0,64.0
240,414,"[0, 0, 0, 1, 0]",206.0,39.0
241,95,"[0, 0, 0, 1, 0]",143.0,30.0
241,97,"[0, 0, 0, 1, 0]",410.0,9.0
242,160,"[0, 0, 0, 1, 0]",281.0,64.0
242,376,"[0, 0, 0, 1, 0]",79.0,54.0
243,414,"[0, 0, 0, 1, 0]",189.0,55.0
244,246,"[0, 0, 0, 1, 0]",292.0,49.0
244,271,"[0, 0, 0, 1, 0]",386.0,8.0
245,60,"[0, 0, 0, 1, 0]",380.0,3.0
245,62,"[0, 0, 0, 1, 0]",411.0,46.0
245,1337,"[0, 0, 0, 1, 0]",159.0,8.0
246,248,"[0, 0, 0, 1, 0]",197.0,46.0
246,258,"[0, 0, 0, 1, 0]",449.0,3.0
247,245,"[0, 0, 0, 1, 0]",340.0,49.0
248,251,"[0, 0, 0, 1, 0]",403.0,46.0
249,247,"[0, 0, 0, 1, 0]",210.0,46.0
250,249,"[0, 0, 0, 1, 0]",395.0,46.0
251,252,"[0, 0, 0, 1, 0]",355.0,46.0
252,254,"[0, 0, 0, 1, 0]",349.0,46.0
253,250,"[0, 0, 0, 1, 0]",321.0,46.0
254,256,"[0, 0, 0, 1, 0]",657.0,46.0
255,253,"[0, 0, 0, 1, 0]",293.0,46.0
256,234,"[0, 0, 0, 1, 0]",544.0,46.0
257,255,"[0, 0, 0, 1, 0]",639.0,46.0
258,260,"[0, 0, 0, 1, 0]",692.0,3.0
259,247,"[0, 0, 0, 1, 0]",462.0,3.0
260,1131,"[0, 0, 0, 1, 0]",510.0,3.0
261,259,"[0, 0, 0, 1, 0]",580.0,3.0
262,310,"[0, 0, 0, 1, 0]",198.0,17.0
262,314,"[0, 0, 0, 1, 0]",556.0,34.0
263,265,"[0, 0, 0, 1, 0]",193.0,52.0
264,262,"[0, 0, 0, 1, 0]",178.0,51.0
265,289,"[0, 0, 0, 1, 0]",103.0,52.0
266,270,"[0, 0, 0, 1, 0]",279.0,8.0
267,269,"[0, 0, 0, 1, 0]",277.0,8.0
268,266,"[0, 0, 0, 1, 0]",204.0,8.0
270,245,"[0, 0, 0, 1, 0]",431.0,8.0
271,267,"[0, 0, 0, 1, 0]",311.0,8.0
272,274,"[0, 0, 0, 1, 0]",731.0,92.0
273,203,"[0, 0, 0, 1, 0]",376.0,90.0
274,276,"[0, 0, 0, 1, 0]",250.0,92.0
275,273,"[0, 0, 0, 1, 0]",637.0,90.0
276,278,"[0, 0, 0, 1, 0]",245.0,49.0
276,434,"[0, 0, 0, 1, 0]",221.0,43.0
277,275,"[0, 0, 0, 1, 0]",329.0,90.0
278,280,"[0, 0, 0, 1, 0]",400.0,49.0
279,277,"[0, 0, 0, 1, 0]",285.0,90.0
280,283,"[0, 0, 0, 1, 0]",465.0,49.0
281,279,"[0, 0, 0, 1, 0]",395.0,46.0
282,281,"[0, 0, 0, 1, 0]",474.0,46.0
283,315,"[0, 0, 0, 1, 0]",315.0,49.0
284,308,"[0, 0, 0, 1, 0]",652.0,60.0
285,313,"[0, 0, 0, 1, 0]",473.0,62.0
286,290,"[0, 0, 0, 1, 0]",331.0,43.0
287,297,"[0, 0, 0, 1, 0]",110.0,62.0
288,264,"[0, 0, 0, 1, 0]",112.0,51.0
289,210,"[0, 0, 0, 1, 0]",424.0,52.0
290,292,"[0, 0, 0, 1, 0]",441.0,45.0
291,287,"[0, 0, 0, 1, 0]",229.0,62.0
292,294,"[0, 0, 0, 1, 0]",262.0,45.0
293,291,"[0, 0, 0, 1, 0]",420.0,49.0
294,359,"[0, 0, 0, 1, 0]",363.0,45.0
295,293,"[0, 0, 0, 1, 0]",302.0,49.0
296,286,"[0, 0, 0, 1, 0]",120.0,43.0
297,299,"[0, 0, 0, 1, 0]",429.0,62.0
298,296,"[0, 0, 0, 1, 0]",318.0,43.0
299,301,"[0, 0, 0, 1, 0]",208.0,62.0
300,298,"[0, 0, 0, 1, 0]",306.0,43.0
300,1350,"[0, 0, 0, 1, 0]",280.0,17.0
301,303,"[0, 0, 0, 1, 0]",471.0,62.0
302,300,"[0, 0, 0, 1, 0]",427.0,60.0
303,305,"[0, 0, 0, 1, 0]",442.0,62.0
304,302,"[0, 0, 0, 1, 0]",463.0,60.0
305,307,"[0, 0, 0, 1, 0]",484.0,62.0
306,304,"[0, 0, 0, 1, 0]",471.0,60.0
307,309,"[0, 0, 0, 1, 0]",225.0,62.0
308,306,"[0, 0, 0, 1, 0]",240.0,60.0
309,285,"[0, 0, 0, 1, 0]",693.0,62.0
310,312,"[0, 0, 0, 1, 0]",467.0,60.0
311,279,"[0, 0, 0, 1, 0]",361.0,44.0
312,284,"[0, 0, 0, 1, 0]",430.0,60.0
313,263,"[0, 0, 0, 1, 0]",513.0,18.0
313,311,"[0, 0, 0, 1, 0]",463.0,44.0
314,263,"[0, 0, 0, 1, 0]",543.0,34.0
315,854,"[0, 0, 0, 1, 0]",1145.0,3.0
315,1267,"[0, 0, 0, 1, 0]",375.0,46.0
316,282,"[0, 0, 0, 1, 0]",320.0,46.0
317,319,"[0, 0, 0, 1, 0]",233.0,46.0
318,1268,"[0, 0, 0, 1, 0]",506.0,46.0
319,321,"[0, 0, 0, 1, 0]",244.0,46.0
320,318,"[0, 0, 0, 1, 0]",237.0,46.0
321,341,"[0, 0, 0, 1, 0]",981.0,46.0
322,320,"[0, 0, 0, 1, 0]",247.0,46.0
323,325,"[0, 0, 0, 1, 0]",436.0,82.0
324,342,"[0, 0, 0, 1, 0]",341.0,84.0
325,327,"[0, 0, 0, 1, 0]",368.0,82.0
326,324,"[0, 0, 0, 1, 0]",431.0,84.0
327,329,"[0, 0, 0, 1, 0]",196.0,67.0
327,432,"[0, 0, 0, 1, 0]",336.0,15.0
328,326,"[0, 0, 0, 1, 0]",444.0,84.0
329,331,"[0, 0, 0, 1, 0]",423.0,67.0
330,328,"[0, 0, 0, 1, 0]",132.0,67.0
331,333,"[0, 0, 0, 1, 0]",279.0,67.0
332,330,"[0, 0, 0, 1, 0]",408.0,67.0
333,335,"[0, 0, 0, 1, 0]",406.0,67.0
334,332,"[0, 0, 0, 1, 0]",291.0,67.0
335,337,"[0, 0, 0, 1, 0]",289.0,67.0
336,334,"[0, 0, 0, 1, 0]",358.0,67.0
337,339,"[0, 0, 0, 1, 0]",290.0,67.0
338,336,"[0, 0, 0, 1, 0]",303.0,67.0
339,346,"[0, 0, 0, 1, 0]",229.0,67.0
340,338,"[0, 0, 0, 1, 0]",279.0,67.0
341,323,"[0, 0, 0, 1, 0]",305.0,82.0
342,322,"[0, 0, 0, 1, 0]",876.0,46.0
342,1130,"[0, 0, 0, 1, 0]",2562.0,74.0
343,353,"[0, 0, 0, 1, 0]",320.0,145.0
344,75,"[0, 0, 0, 1, 0]",417.0,348.0
345,114,"[0, 0, 0, 1, 0]",504.0,266.0
346,348,"[0, 0, 0, 1, 0]",373.0,69.0
347,340,"[0, 0, 0, 1, 0]",343.0,67.0
347,382,"[0, 0, 0, 1, 0]",124.0,2.0
348,350,"[0, 0, 0, 1, 0]",383.0,69.0
349,347,"[0, 0, 0, 1, 0]",315.0,69.0
350,384,"[0, 0, 0, 1, 0]",371.0,2.0
350,385,"[0, 0, 0, 1, 0]",173.0,67.0
351,349,"[0, 0, 0, 1, 0]",386.0,69.0
352,346,"[0, 0, 0, 1, 0]",329.0,2.0
353,235,"[0, 0, 0, 1, 0]",466.0,98.0
353,379,"[0, 0, 0, 1, 0]",553.0,49.0
354,356,"[0, 0, 0, 1, 0]",257.0,142.0
355,343,"[0, 0, 0, 1, 0]",184.0,1.0
356,358,"[0, 0, 0, 1, 0]",249.0,36.0
357,343,"[0, 0, 0, 1, 0]",439.0,34.0
357,355,"[0, 0, 0, 1, 0]",263.0,1.0
358,342,"[0, 0, 0, 1, 0]",259.0,36.0
359,378,"[0, 0, 0, 1, 0]",237.0,45.0
360,295,"[0, 0, 0, 1, 0]",350.0,49.0
361,390,"[0, 0, 0, 1, 0]",361.0,71.0
362,370,"[0, 0, 0, 1, 0]",747.0,43.0
363,369,"[0, 0, 0, 1, 0]",321.0,43.0
364,391,"[0, 0, 0, 1, 0]",316.0,70.0
365,367,"[0, 0, 0, 1, 0]",223.0,69.0
366,364,"[0, 0, 0, 1, 0]",251.0,70.0
367,375,"[0, 0, 0, 1, 0]",311.0,67.0
367,433,"[0, 0, 0, 1, 0]",294.0,2.0
368,362,"[0, 0, 0, 1, 0]",343.0,43.0
369,374,"[0, 0, 0, 1, 0]",237.0,2.0
369,375,"[0, 0, 0, 1, 0]",237.0,41.0
370,372,"[0, 0, 0, 1, 0]",547.0,43.0
371,363,"[0, 0, 0, 1, 0]",755.0,43.0
372,429,"[0, 0, 0, 1, 0]",549.0,43.0
373,371,"[0, 0, 0, 1, 0]",569.0,43.0
374,366,"[0, 0, 0, 1, 0]",302.0,70.0
375,440,"[0, 0, 0, 1, 0]",582.0,108.0
376,162,"[0, 0, 0, 1, 0]",411.0,54.0
377,243,"[0, 0, 0, 1, 0]",149.0,55.0
378,352,"[0, 0, 0, 1, 0]",610.0,2.0
378,354,"[0, 0, 0, 1, 0]",527.0,43.0
379,360,"[0, 0, 0, 1, 0]",268.0,49.0
380,80,"[0, 0, 0, 1, 0]",512.0,70.0
381,392,"[0, 0, 0, 1, 0]",292.0,69.0
382,353,"[0, 0, 0, 1, 0]",311.0,2.0
383,351,"[0, 0, 0, 1, 0]",402.0,2.0
384,421,"[0, 0, 0, 1, 0]",510.0,2.0
385,387,"[0, 0, 0, 1, 0]",263.0,71.0
386,396,"[0, 0, 0, 1, 0]",403.0,4.0
387,389,"[0, 0, 0, 1, 0]",452.0,71.0
388,351,"[0, 0, 0, 1, 0]",449.0,67.0
388,386,"[0, 0, 0, 1, 0]",239.0,4.0
389,361,"[0, 0, 0, 1, 0]",246.0,21.0
389,1333,"[0, 0, 0, 1, 0]",309.0,50.0
390,388,"[0, 0, 0, 1, 0]",409.0,71.0
391,380,"[0, 0, 0, 1, 0]",253.0,70.0
392,365,"[0, 0, 0, 1, 0]",303.0,69.0
393,194,"[0, 0, 0, 1, 0]",476.0,10.0
394,393,"[0, 0, 0, 1, 0]",258.0,10.0
395,385,"[0, 0, 0, 1, 0]",385.0,4.0
395,421,"[0, 0, 0, 1, 0]",649.0,41.0
396,238,"[0, 0, 0, 1, 0]",255.0,35.0
396,239,"[0, 0, 0, 1, 0]",221.0,3.0
397,394,"[0, 0, 0, 1, 0]",243.0,10.0
399,21,"[0, 0, 0, 1, 0]",767.0,1.0
399,65,"[0, 0, 0, 1, 0]",133.0,62.0
400,217,"[0, 0, 0, 1, 0]",458.0,50.0
401,216,"[0, 0, 0, 1, 0]",260.0,49.0
402,1320,"[0, 0, 0, 1, 0]",222.0,94.0
403,405,"[0, 0, 0, 1, 0]",288.0,34.0
404,418,"[0, 0, 0, 1, 0]",559.0,35.0
405,1187,"[0, 0, 0, 1, 0]",148.0,34.0
406,404,"[0, 0, 0, 1, 0]",244.0,35.0
407,165,"[0, 0, 0, 1, 0]",348.0,9.0
408,164,"[0, 0, 0, 1, 0]",98.0,9.0
409,21,"[0, 0, 0, 1, 0]",1258.0,1.0
409,22,"[0, 0, 0, 1, 0]",1285.0,1.0
409,53,"[0, 0, 0, 1, 0]",114.0,4.0
409,55,"[0, 0, 0, 1, 0]",796.0,3.0
409,78,"[0, 0, 0, 1, 0]",1697.0,1.0
409,97,"[0, 0, 0, 1, 0]",1361.0,10.0
409,1131,"[0, 0, 0, 1, 0]",4038.0,6.0
409,1187,"[0, 0, 0, 1, 0]",5164.0,1.0
410,412,"[0, 0, 0, 1, 0]",178.0,30.0
411,89,"[0, 0, 0, 1, 0]",224.0,30.0
412,411,"[0, 0, 0, 1, 0]",205.0,30.0
413,241,"[0, 0, 0, 1, 0]",268.0,39.0
413,242,"[0, 0, 0, 1, 0]",229.0,54.0
414,177,"[0, 0, 0, 1, 0]",363.0,85.0
414,178,"[0, 0, 0, 1, 0]",313.0,9.0
415,34,"[0, 0, 0, 1, 0]",650.0,49.0
416,53,"[0, 0, 0, 1, 0]",170.0,49.0
416,55,"[0, 0, 0, 1, 0]",739.0,8.0
417,403,"[0, 0, 0, 1, 0]",543.0,34.0
418,121,"[0, 0, 0, 1, 0]",1707.0,35.0
419,464,"[0, 0, 0, 1, 0]",669.0,3.0
420,852,"[0, 0, 0, 1, 0]",331.0,3.0
421,396,"[0, 0, 0, 1, 0]",712.0,7.0
421,423,"[0, 0, 0, 1, 0]",285.0,43.0
422,383,"[0, 0, 0, 1, 0]",469.0,2.0
422,396,"[0, 0, 0, 1, 0]",613.0,34.0
423,421,"[0, 0, 0, 1, 0]",285.0,7.0
423,425,"[0, 0, 0, 1, 0]",240.0,43.0
424,422,"[0, 0, 0, 1, 0]",281.0,36.0
425,423,"[0, 0, 0, 1, 0]",240.0,7.0
425,427,"[0, 0, 0, 1, 0]",315.0,43.0
426,424,"[0, 0, 0, 1, 0]",241.0,36.0
427,430,"[0, 0, 0, 1, 0]",234.0,43.0
428,425,"[0, 0, 0, 1, 0]",206.0,7.0
428,426,"[0, 0, 0, 1, 0]",314.0,36.0
429,428,"[0, 0, 0, 1, 0]",238.0,43.0
430,373,"[0, 0, 0, 1, 0]",545.0,43.0
431,328,"[0, 0, 0, 1, 0]",274.0,17.0
432,851,"[0, 0, 0, 1, 0]",252.0,15.0
433,368,"[0, 0, 0, 1, 0]",241.0,43.0
434,310,"[0, 0, 0, 1, 0]",363.0,43.0
435,447,"[0, 0, 0, 1, 0]",749.0,74.0
436,195,"[0, 0, 0, 1, 0]",730.0,7.0
436,196,"[0, 0, 0, 1, 0]",710.0,67.0
437,445,"[0, 0, 0, 1, 0]",294.0,74.0
438,442,"[0, 0, 0, 1, 0]",530.0,74.0
439,374,"[0, 0, 0, 1, 0]",562.0,68.0
439,433,"[0, 0, 0, 1, 0]",556.0,41.0
440,446,"[0, 0, 0, 1, 0]",427.0,108.0
441,437,"[0, 0, 0, 1, 0]",509.0,74.0
442,444,"[0, 0, 0, 1, 0]",616.0,74.0
443,441,"[0, 0, 0, 1, 0]",603.0,74.0
444,448,"[0, 0, 0, 1, 0]",994.0,74.0
445,439,"[0, 0, 0, 1, 0]",529.0,109.0
446,438,"[0, 0, 0, 1, 0]",370.0,74.0
446,1347,"[0, 0, 0, 1, 0]",234.0,34.0
447,443,"[0, 0, 0, 1, 0]",978.0,74.0
448,436,"[0, 0, 0, 1, 0]",774.0,74.0
449,397,"[0, 0, 0, 1, 0]",266.0,10.0
450,143,"[0, 0, 0, 1, 0]",354.0,35.0
451,146,"[0, 0, 0, 1, 0]",442.0,34.0
452,174,"[0, 0, 0, 1, 0]",494.0,83.0
452,190,"[0, 0, 0, 1, 0]",91.0,4.0
453,73,"[0, 0, 0, 1, 0]",230.0,88.0
453,174,"[0, 0, 0, 1, 0]",519.0,1.0
453,409,"[0, 0, 0, 1, 0]",480.0,4.0
454,47,"[0, 0, 0, 1, 0]",241.0,9.0
455,466,"[0, 0, 0, 1, 0]",1882.0,49.0
455,1133,"[0, 0, 0, 1, 0]",1757.0,9.0
455,1242,"[0, 0, 0, 1, 0]",1840.0,10.0
456,1132,"[0, 0, 0, 1, 0]",2850.0,68.0
457,458,"[0, 0, 0, 1, 0]",831.0,3.0
460,850,"[0, 0, 0, 1, 0]",322.0,17.0
461,460,"[0, 0, 0, 1, 0]",266.0,17.0
461,845,"[0, 0, 0, 1, 0]",1248.0,15.0
462,815,"[0, 0, 0, 1, 0]",884.0,3.0
463,465,"[0, 0, 0, 1, 0]",261.0,3.0
464,462,"[0, 0, 0, 1, 0]",311.0,3.0
465,420,"[0, 0, 0, 1, 0]",656.0,3.0
466,468,"[0, 0, 0, 1, 0]",590.0,49.0
467,1143,"[0, 0, 0, 1, 0]",413.0,46.0
468,480,"[0, 0, 0, 1, 0]",421.0,21.0
469,467,"[0, 0, 0, 1, 0]",394.0,46.0
477,478,"[0, 0, 0, 1, 0]",287.0,20.0
478,479,"[0, 0, 0, 1, 0]",384.0,10.0
479,481,"[0, 0, 0, 1, 0]",237.0,29.0
480,1269,"[0, 0, 0, 1, 0]",262.0,21.0
481,469,"[0, 0, 0, 1, 0]",520.0,29.0
757,759,"[0, 0, 0, 1, 0]",260.0,6.0
758,756,"[0, 0, 0, 1, 0]",296.0,5.0
759,761,"[0, 0, 0, 1, 0]",445.0,6.0
760,758,"[0, 0, 0, 1, 0]",462.0,5.0
761,763,"[0, 0, 0, 1, 0]",614.0,6.0
762,760,"[0, 0, 0, 1, 0]",626.0,5.0
763,765,"[0, 0, 0, 1, 0]",806.0,6.0
764,762,"[0, 0, 0, 1, 0]",751.0,3.0
764,1323,"[0, 0, 0, 1, 0]",168.0,2.0
765,767,"[0, 0, 0, 1, 0]",675.0,2.0
765,1323,"[0, 0, 0, 1, 0]",75.0,4.0
766,764,"[0, 0, 0, 1, 0]",759.0,4.0
766,1323,"[0, 0, 0, 1, 0]",619.0,1.0
767,769,"[0, 0, 0, 1, 0]",454.0,5.0
768,766,"[0, 0, 0, 1, 0]",442.0,5.0
769,771,"[0, 0, 0, 1, 0]",457.0,5.0
770,768,"[0, 0, 0, 1, 0]",448.0,5.0
771,773,"[0, 0, 0, 1, 0]",446.0,5.0
772,770,"[0, 0, 0, 1, 0]",459.0,5.0
773,775,"[0, 0, 0, 1, 0]",528.0,5.0
774,772,"[0, 0, 0, 1, 0]",477.0,5.0
813,1129,"[0, 0, 0, 1, 0]",151.0,6.0
814,463,"[0, 0, 0, 1, 0]",719.0,3.0
814,1217,"[0, 0, 0, 1, 0]",1398.0,1.0
814,1271,"[0, 0, 0, 1, 0]",1390.0,1.0
815,1052,"[0, 0, 0, 1, 0]",2202.0,4.0
816,814,"[0, 0, 0, 1, 0]",1979.0,5.0
817,816,"[0, 0, 0, 1, 0]",444.0,1.0
818,817,"[0, 0, 0, 1, 0]",700.0,1.0
846,461,"[0, 0, 0, 1, 0]",1211.0,16.0
846,848,"[0, 0, 0, 1, 0]",877.0,3.0
847,845,"[0, 0, 0, 1, 0]",785.0,6.0
848,850,"[0, 0, 0, 1, 0]",406.0,3.0
849,847,"[0, 0, 0, 1, 0]",482.0,6.0
850,852,"[0, 0, 0, 1, 0]",991.0,20.0
851,461,"[0, 0, 0, 1, 0]",1237.0,15.0
851,849,"[0, 0, 0, 1, 0]",937.0,6.0
852,431,"[0, 0, 0, 1, 0]",191.0,17.0
852,813,"[0, 0, 0, 1, 0]",433.0,6.0
853,419,"[0, 0, 0, 1, 0]",635.0,3.0
853,851,"[0, 0, 0, 1, 0]",551.0,4.0
854,853,"[0, 0, 0, 1, 0]",1218.0,3.0
1051,816,"[0, 0, 0, 1, 0]",237.0,4.0
1052,1054,"[0, 0, 0, 1, 0]",627.0,4.0
1053,1051,"[0, 0, 0, 1, 0]",612.0,4.0
1054,1056,"[0, 0, 0, 1, 0]",642.0,4.0
1055,1053,"[0, 0, 0, 1, 0]",656.0,4.0
1056,1224,"[0, 0, 0, 1, 0]",690.0,4.0
1129,409,"[0, 0, 0, 1, 0]",7371.0,2.0
1129,1130,"[0, 0, 0, 1, 0]",2377.0,8.0
1130,140,"[0, 0, 0, 1, 0]",2734.0,24.0
1130,174,"[0, 0, 0, 1, 0]",4783.0,1.0
1130,175,"[0, 0, 0, 1, 0]",4723.0,1.0
1130,199,"[0, 0, 0, 1, 0]",2864.0,21.0
1130,406,"[0, 0, 0, 1, 0]",358.0,35.0
1130,409,"[0, 0, 0, 1, 0]",5122.0,1.0
1131,455,"[0, 0, 0, 1, 0]",2958.0,68.0
1131,457,"[0, 0, 0, 1, 0]",2953.0,3.0
1132,99,"[0, 0, 0, 1, 0]",3315.0,64.0
1132,261,"[0, 0, 0, 1, 0]",656.0,3.0
1132,409,"[0, 0, 0, 1, 0]",4042.0,1.0
1133,1242,"[0, 0, 0, 1, 0]",159.0,4.0
1143,456,"[0, 0, 0, 1, 0]",1762.0,68.0
1187,235,"[0, 0, 0, 1, 0]",3596.0,1.0
1187,341,"[0, 0, 0, 1, 0]",2738.0,36.0
1187,357,"[0, 0, 0, 1, 0]",2730.0,35.0
1187,851,"[0, 0, 0, 1, 0]",3097.0,2.0
1187,853,"[0, 0, 0, 1, 0]",2554.0,4.0
1187,1186,"[0, 0, 0, 1, 0]",2427.0,1.0
1187,1217,"[0, 0, 0, 1, 0]",2443.0,1.0
1217,815,"[0, 0, 0, 1, 0]",1600.0,1.0
1217,1129,"[0, 0, 0, 1, 0]",468.0,1.0
1223,1055,"[0, 0, 0, 1, 0]",691.0,4.0
1224,1198,"[0, 0, 0, 1, 0]",1614.0,4.0
1243,1143,"[0, 0, 0, 1, 0]",284.0,17.0
1267,317,"[0, 0, 0, 1, 0]",505.0,46.0
1268,316,"[0, 0, 0, 1, 0]",422.0,46.0
1271,1129,"[0, 0, 0, 1, 0]",462.0,1.0
1320,94,"[0, 0, 0, 1, 0]",448.0,94.0
1323,762,"[0, 0, 0, 1, 0]",872.0,2.0
1323,764,"[0, 0, 0, 1, 0]",168.0,1.0
1323,767,"[0, 0, 0, 1, 0]",675.0,3.0
1329,1331,"[0, 0, 0, 1, 0]",386.0,46.0
1330,1331,"[0, 0, 0, 1, 0]",399.0,4.0
1331,361,"[0, 0, 0, 1, 0]",638.0,50.0
1332,1330,"[0, 0, 0, 1, 0]",273.0,50.0
1333,1332,"[0, 0, 0, 1, 0]",678.0,50.0
1334,1336,"[0, 0, 0, 1, 0]",239.0,8.0
1335,60,"[0, 0, 0, 1, 0]",221.0,8.0
1336,244,"[0, 0, 0, 1, 0]",162.0,8.0
1337,1335,"[0, 0, 0, 1, 0]",254.0,8.0
1347,1351,"[0, 0, 0, 1, 0]",404.0,34.0
1348,445,"[0, 0, 0, 1, 0]",247.0,35.0
1349,1348,"[0, 0, 0, 1, 0]",321.0,35.0
1350,290,"[0, 0, 0, 1, 0]",471.0,15.0
1350,291,"[0, 0, 0, 1, 0]",473.0,2.0
1354,26,"[0, 0, 0, 1, 0]",459.0,1.0
